{"stats":{"minecraft:crafted":{"biomesoplenty:fir_planks":28,"minecraft:torch":32,"minecraft:stick":16,"minecraft:wooden_pickaxe":2,"minecraft:wooden_axe":2},"minecraft:picked_up":{"minecraft:bone":1,"minecraft:wheat_seeds":1,"biomesoplenty:fir_planks":2,"biomesoplenty:fir_sapling":1,"biomesoplenty:fir_log":9,"minecraft:mutton":3,"minecraft:white_wool":3,"minecraft:coal":13,"minecraft:dirt":19,"minecraft:cobblestone":5},"minecraft:custom":{"minecraft:crouch_one_cm":766,"minecraft:time_since_rest":3705,"minecraft:deaths":2,"minecraft:play_time":28421,"minecraft:sprint_one_cm":707,"minecraft:damage_taken":760,"minecraft:walk_one_cm":189706,"minecraft:sneak_time":162,"minecraft:mob_kills":3,"minecraft:jump":393,"minecraft:damage_dealt":242,"minecraft:time_since_death":4011,"minecraft:walk_on_water_one_cm":1601,"minecraft:total_world_time":28421,"minecraft:fall_one_cm":6025,"minecraft:interact_with_crafting_table":4,"minecraft:fly_one_cm":1125},"minecraft:used":{"minecraft:torch":1,"minecraft:wooden_axe":19,"minecraft:cobblestone":2,"tombstone:gift":1,"minecraft:wooden_pickaxe":17,"biomesoplenty:fir_log":1},"minecraft:killed":{"minecraft:sheep":3},"minecraft:killed_by":{"mutantmonsters:mutant_creeper":1,"alexsmobs:grizzly_bear":1},"minecraft:mined":{"minecraft:grass_block":1,"minecraft:grass":7,"minecraft:coal_ore":12,"biomesoplenty:fir_leaves":1,"minecraft:stone":5,"minecraft:fern":3,"biomesoplenty:fir_log":8}},"DataVersion":3465}