{"stats":{"minecraft:crafted":{"biomesoplenty:fir_planks":28,"minecraft:crafting_table":1,"minecraft:stick":16,"minecraft:wooden_pickaxe":2,"minecraft:wooden_axe":2,"minecraft:torch":32},"minecraft:picked_up":{"biomesoplenty:fir_sapling":1,"biomesoplenty:fir_log":9,"minecraft:dirt":19,"minecraft:bone":1,"minecraft:wheat_seeds":1,"biomesoplenty:fir_planks":2,"minecraft:mutton":3,"minecraft:coal":13,"minecraft:white_wool":3,"minecraft:cobblestone":5},"minecraft:custom":{"minecraft:time_since_rest":745,"minecraft:sprint_one_cm":19359,"minecraft:damage_taken":980,"minecraft:walk_one_cm":218045,"minecraft:mob_kills":3,"minecraft:drop":1,"minecraft:damage_dealt":242,"minecraft:interact_with_crafting_table":5,"minecraft:fly_one_cm":5871,"minecraft:crouch_one_cm":766,"minecraft:play_time":33300,"minecraft:deaths":3,"minecraft:sneak_time":162,"minecraft:jump":491,"minecraft:walk_on_water_one_cm":1805,"minecraft:time_since_death":1855,"minecraft:total_world_time":33300,"minecraft:fall_one_cm":8573},"minecraft:used":{"minecraft:wooden_axe":19,"minecraft:wooden_pickaxe":17,"minecraft:torch":1,"minecraft:cobblestone":2,"minecraft:crafting_table":1,"tombstone:gift":1,"biomesoplenty:fir_log":1},"minecraft:dropped":{"minecraft:dirt":19},"minecraft:killed":{"minecraft:sheep":3},"minecraft:killed_by":{"mutantmonsters:mutant_creeper":1,"alexsmobs:grizzly_bear":1},"minecraft:mined":{"biomesoplenty:fir_log":8,"minecraft:grass":7,"minecraft:coal_ore":12,"minecraft:grass_block":1,"biomesoplenty:fir_leaves":1,"minecraft:stone":5,"minecraft:fern":3}},"DataVersion":3465}