{"stats":{"minecraft:crafted":{"biomesoplenty:fir_planks":16,"minecraft:crafting_table":1,"minecraft:stick":12,"minecraft:wooden_pickaxe":1,"minecraft:stone_pickaxe":1,"minecraft:wooden_axe":1,"minecraft:stone_sword":1,"minecraft:torch":16},"minecraft:picked_up":{"minecraft:crafting_table":1,"minecraft:andesite":2,"minecraft:torch":1,"biomesoplenty:fir_sapling":1,"biomesoplenty:fir_log":15,"minecraft:dirt":11,"minecraft:bone":1,"minecraft:bundle":1,"minecraft:arrow":1,"minecraft:rotten_flesh":2,"minecraft:wheat_seeds":1,"biomesoplenty:fir_planks":1,"biomesoplenty:umbran_log":4,"minecraft:coal":25,"minecraft:cobblestone":15},"minecraft:custom":{"minecraft:time_since_rest":9568,"minecraft:sprint_one_cm":53156,"minecraft:damage_taken":410,"minecraft:walk_one_cm":86864,"minecraft:mob_kills":5,"minecraft:damage_dealt":1032,"minecraft:swim_one_cm":20076,"minecraft:interact_with_crafting_table":8,"minecraft:fly_one_cm":16359,"minecraft:crouch_one_cm":3566,"minecraft:play_time":29117,"tombstone:undead_killed":3,"minecraft:deaths":1,"minecraft:sneak_time":1122,"minecraft:walk_under_water_one_cm":797,"minecraft:jump":282,"minecraft:leave_game":8,"minecraft:walk_on_water_one_cm":5283,"minecraft:time_since_death":10020,"minecraft:total_world_time":29117,"minecraft:fall_one_cm":6452},"minecraft:used":{"minecraft:wooden_axe":23,"minecraft:stone_sword":19,"minecraft:wooden_pickaxe":42,"minecraft:torch":5,"minecraft:cobblestone":2,"minecraft:crafting_table":2},"minecraft:killed":{"minecraft:skeleton":2,"minecraft:zombie":1,"minecraft:spider":1,"minecraft:creeper":1},"minecraft:mined":{"minecraft:andesite":2,"biomesoplenty:umbran_log":4,"biomesoplenty:fir_log":15,"minecraft:crafting_table":1,"minecraft:grass":1,"minecraft:grass_block":9,"minecraft:coal_ore":25,"minecraft:dirt":3,"minecraft:stone":15,"minecraft:wall_torch":1,"minecraft:fern":2}},"DataVersion":3465}