{"stats":{"minecraft:crafted":{"biomesoplenty:fir_planks":16,"minecraft:crafting_table":1,"minecraft:stick":12,"minecraft:wooden_pickaxe":1,"minecraft:stone_pickaxe":1,"minecraft:wooden_axe":1,"minecraft:stone_sword":1,"minecraft:torch":16},"minecraft:picked_up":{"minecraft:crafting_table":1,"minecraft:andesite":2,"minecraft:torch":1,"biomesoplenty:fir_sapling":1,"biomesoplenty:fir_log":15,"minecraft:dirt":11,"minecraft:rotten_flesh":2,"biomesoplenty:fir_planks":1,"minecraft:coal":25,"minecraft:cobblestone":15},"minecraft:custom":{"minecraft:time_since_rest":4576,"minecraft:sprint_one_cm":23892,"minecraft:damage_taken":260,"minecraft:walk_one_cm":66964,"minecraft:mob_kills":2,"minecraft:damage_dealt":473,"minecraft:swim_one_cm":20076,"minecraft:interact_with_crafting_table":8,"minecraft:fly_one_cm":10930,"minecraft:crouch_one_cm":2238,"minecraft:play_time":24125,"tombstone:undead_killed":1,"minecraft:deaths":1,"minecraft:sneak_time":801,"minecraft:walk_under_water_one_cm":797,"minecraft:jump":224,"minecraft:leave_game":7,"minecraft:walk_on_water_one_cm":5283,"minecraft:time_since_death":5028,"minecraft:total_world_time":24125,"minecraft:fall_one_cm":5974},"minecraft:used":{"minecraft:wooden_axe":19,"minecraft:stone_sword":4,"minecraft:wooden_pickaxe":42,"minecraft:torch":5,"minecraft:cobblestone":2,"minecraft:crafting_table":2},"minecraft:killed":{"minecraft:zombie":1,"minecraft:creeper":1},"minecraft:mined":{"minecraft:andesite":2,"biomesoplenty:fir_log":15,"minecraft:crafting_table":1,"minecraft:grass_block":9,"minecraft:coal_ore":25,"minecraft:dirt":3,"minecraft:stone":15,"minecraft:wall_torch":1,"minecraft:fern":1}},"DataVersion":3465}