{"stats":{"minecraft:crafted":{"biomesoplenty:fir_planks":124,"minecraft:wooden_sword":1,"minecraft:crafting_table":2,"minecraft:stick":8,"minecraft:wooden_pickaxe":1,"minecraft:stone_pickaxe":1,"minecraft:wooden_axe":1,"biomesoplenty:fir_button":13,"minecraft:torch":4},"minecraft:picked_up":{"minecraft:crafting_table":2,"minecraft:dandelion":5,"biomesoplenty:fir_log":30,"minecraft:cornflower":5,"minecraft:spider_eye":1,"minecraft:dirt":2,"minecraft:arrow":1,"biomesoplenty:stripped_fir_log":1,"biomesoplenty:fir_planks":8,"minecraft:poppy":4,"minecraft:mutton":2,"minecraft:coal":3,"minecraft:cobblestone":59,"minecraft:oxeye_daisy":9},"minecraft:broken":{"minecraft:wooden_pickaxe":1},"minecraft:custom":{"minecraft:time_since_rest":8110,"minecraft:sprint_one_cm":60333,"minecraft:damage_taken":220,"minecraft:walk_one_cm":107041,"minecraft:mob_kills":2,"minecraft:drop":2,"minecraft:damage_dealt":257,"minecraft:interact_with_crafting_table":11,"minecraft:fly_one_cm":42497,"minecraft:deaths":1,"minecraft:crouch_one_cm":12606,"minecraft:play_time":28739,"tombstone:undead_killed":1,"minecraft:sneak_time":4355,"minecraft:jump":481,"minecraft:time_since_death":8616,"minecraft:total_world_time":28739,"minecraft:fall_one_cm":8384},"minecraft:used":{"minecraft:wooden_axe":40,"minecraft:stone_pickaxe":4,"minecraft:wooden_pickaxe":59,"biomesoplenty:fir_planks":13,"minecraft:wooden_sword":36,"minecraft:crafting_table":3,"alexsmobs:animal_dictionary":1},"minecraft:dropped":{"minecraft:spider_eye":1,"biomesoplenty:fir_button":13},"minecraft:killed":{"minecraft:skeleton":1,"minecraft:spider":1},"minecraft:mined":{"biomesoplenty:stripped_fir_log":1,"minecraft:dandelion":5,"minecraft:cornflower":5,"biomesoplenty:fir_log":31,"minecraft:crafting_table":2,"minecraft:poppy":5,"minecraft:grass":8,"minecraft:coal_ore":4,"minecraft:grass_block":2,"biomesoplenty:fir_planks":11,"minecraft:stone":59,"minecraft:oxeye_daisy":9,"minecraft:fern":1}},"DataVersion":3465}