{"stats":{"minecraft:crafted":{"biomesoplenty:fir_planks":124,"minecraft:wooden_sword":1,"minecraft:crafting_table":2,"minecraft:stick":8,"minecraft:wooden_pickaxe":1,"minecraft:stone_pickaxe":1,"minecraft:wooden_axe":1,"biomesoplenty:fir_button":13,"minecraft:torch":4},"minecraft:picked_up":{"minecraft:crafting_table":2,"minecraft:dandelion":5,"biomesoplenty:fir_log":30,"minecraft:spider_eye":1,"minecraft:cornflower":5,"minecraft:dirt":2,"minecraft:arrow":1,"biomesoplenty:stripped_fir_log":1,"biomesoplenty:fir_planks":8,"minecraft:poppy":4,"minecraft:mutton":2,"minecraft:coal":3,"minecraft:cobblestone":59,"minecraft:oxeye_daisy":9},"minecraft:broken":{"minecraft:wooden_pickaxe":1},"minecraft:custom":{"minecraft:time_since_rest":13059,"minecraft:sprint_one_cm":64269,"minecraft:damage_taken":220,"minecraft:walk_one_cm":153095,"minecraft:mob_kills":2,"minecraft:drop":2,"minecraft:damage_dealt":257,"minecraft:interact_with_crafting_table":11,"minecraft:fly_one_cm":42497,"minecraft:play_time":33688,"minecraft:crouch_one_cm":14106,"tombstone:undead_killed":1,"minecraft:deaths":1,"minecraft:sneak_time":4578,"minecraft:walk_under_water_one_cm":787,"minecraft:jump":537,"minecraft:walk_on_water_one_cm":1064,"minecraft:time_since_death":13565,"minecraft:total_world_time":33688,"minecraft:fall_one_cm":8384},"minecraft:used":{"minecraft:wooden_axe":40,"minecraft:stone_pickaxe":4,"minecraft:wooden_pickaxe":59,"biomesoplenty:fir_planks":13,"minecraft:wooden_sword":36,"minecraft:crafting_table":3,"alexsmobs:animal_dictionary":1},"minecraft:dropped":{"minecraft:spider_eye":1,"biomesoplenty:fir_button":13},"minecraft:killed":{"minecraft:skeleton":1,"minecraft:spider":1},"minecraft:mined":{"biomesoplenty:stripped_fir_log":1,"minecraft:dandelion":5,"biomesoplenty:fir_log":31,"minecraft:crafting_table":2,"minecraft:cornflower":5,"minecraft:grass":8,"biomesoplenty:fir_planks":11,"minecraft:grass_block":2,"minecraft:coal_ore":4,"minecraft:poppy":5,"minecraft:stone":59,"minecraft:oxeye_daisy":9,"minecraft:fern":1}},"DataVersion":3465}